index:1,picture:Picture/lisa_1.jpg
index:1,picture:Picture/lisa_2.jpg
index:1,picture:Picture/lisa_3.jpg
index:1,picture:Picture/lisa_4.jpg
index:1,picture:Picture/lisa_5.jpg
index:1,picture:Picture/lisa_6.jpg
index:1,picture:Picture/lisa_7.jpg
index:1,picture:Picture/lisa_8.jpg
index:1,picture:Picture/lisa_9.jpg
index:1,picture:Picture/lisa_10.jpg
index:1,picture:Picture/lisa_11.png
index:1,picture:Picture/lisa_12.jpg
index:1,picture:Picture/lisa_13.jpg
index:1,picture:Picture/lisa_14.jpg
index:1,picture:Picture/lisa_15.jpg
index:1,picture:Picture/lisa_16.jpg
index:1,picture:Picture/lisa_17.jpg
index:1,picture:Picture/lisa_18.jpg
index:1,picture:Picture/lisa_19.jpg
index:1,picture:Picture/lisa_20.jpg

index:2,picture:Picture/rose_1.jpg
index:2,picture:Picture/rose_2.jpg
index:2,picture:Picture/rose_3.jpg
index:2,picture:Picture/rose_4.jpg
index:2,picture:Picture/rose_5.jpg
index:2,picture:Picture/rose_6.jpg
index:2,picture:Picture/rose_7.jpg
index:2,picture:Picture/rose_8.jpg
index:2,picture:Picture/rose_9.jpg
index:2,picture:Picture/rose_10.jpg
index:2,picture:Picture/rose_11.jpg
index:2,picture:Picture/rose_12.jpg
index:2,picture:Picture/rose_13.jpg
index:2,picture:Picture/rose_14.jpg
index:2,picture:Picture/rose_15.jpg
index:2,picture:Picture/rose_16.jpg
index:2,picture:Picture/rose_17.jpg
index:2,picture:Picture/rose_18.jpg
index:2,picture:Picture/rose_19.jpg
index:2,picture:Picture/rose_20.jpg

index:3,picture:Picture/jennie_1.png
index:3,picture:Picture/jennie_2.jpg
index:3,picture:Picture/jennie_3.jpg
index:3,picture:Picture/jennie_4.jpg
index:3,picture:Picture/jennie_5.jpg
index:3,picture:Picture/jennie_6.jpg
index:3,picture:Picture/jennie_7.jpg
index:3,picture:Picture/jennie_8.jpg
index:3,picture:Picture/jennie_9.jpg
index:3,picture:Picture/jennie_10.jpg
index:3,picture:Picture/jennie_11.jpg
index:3,picture:Picture/jennie_12.jpg
index:3,picture:Picture/jennie_13.jpg
index:3,picture:Picture/jennie_14.jpg
index:3,picture:Picture/jennie_15.jpg
index:3,picture:Picture/jennie_16.jpg
index:3,picture:Picture/jennie_17.jpg
index:3,picture:Picture/jennie_18.jpg
index:3,picture:Picture/jennie_19.jpg
index:3,picture:Picture/jennie_20.jpg


index:4,picture:Picture/jisoo_1.jpg
index:4,picture:Picture/jisoo_2.jpg
index:4,picture:Picture/jisoo_3.jpg
index:4,picture:Picture/jisoo_4.jpg
index:4,picture:Picture/jisoo_5.jpg
index:4,picture:Picture/jisoo_6.jpg
index:4,picture:Picture/jisoo_7.jpg
index:4,picture:Picture/jisoo_8.jpg
index:4,picture:Picture/jisoo_9.jpg
index:4,picture:Picture/jisoo_10.jpg
index:4,picture:Picture/jisoo_11.jpg
index:4,picture:Picture/jisoo_12.jpg
index:4,picture:Picture/jisoo_13.jpg
index:4,picture:Picture/jisoo_14.jpg
index:4,picture:Picture/jisoo_15.jpg
index:4,picture:Picture/jisoo_16.jpg
index:4,picture:Picture/jisoo_17.jpg
index:4,picture:Picture/jisoo_18.jpg
index:4,picture:Picture/jisoo_19.jpg
index:4,picture:Picture/jisoo_20.jpg


index:5,picture:Picture/iu_1.jpg
index:5,picture:Picture/iu_2.jpg
index:5,picture:Picture/iu_3.jpg
index:5,picture:Picture/iu_4.jpg
index:5,picture:Picture/iu_5.jpg
index:5,picture:Picture/iu_6.jpg
index:5,picture:Picture/iu_7.jpg
index:5,picture:Picture/iu_8.jpg
index:5,picture:Picture/iu_9.jpg
index:5,picture:Picture/iu_10.jpg
index:5,picture:Picture/iu_11.jpg
index:5,picture:Picture/iu_12.jpg
index:5,picture:Picture/iu_13.jpg
index:5,picture:Picture/iu_14.jpg
index:5,picture:Picture/iu_15.jpg
index:5,picture:Picture/iu_16.jpg
index:5,picture:Picture/iu_17.jpg
index:5,picture:Picture/iu_18.jpg
index:5,picture:Picture/iu_19.jpg
index:5,picture:Picture/iu_20.jpg
index:5,picture:Picture/iu_21.jpg
index:5,picture:Picture/iu_22.jpg
index:5,picture:Picture/iu_23.jpg
index:5,picture:Picture/iu_24.jpg
index:5,picture:Picture/iu_25.jpg
index:5,picture:Picture/iu_26.jpg
index:5,picture:Picture/iu_27.jpg
index:5,picture:Picture/iu_28.jpg
index:5,picture:Picture/iu_29.jpg
index:5,picture:Picture/iu_30.jpg


index:6,picture:Picture/suzy_1.jpg
index:6,picture:Picture/suzy_2.jpg
index:6,picture:Picture/suzy_3.jpg
index:6,picture:Picture/suzy_4.jpg
index:6,picture:Picture/suzy_5.jpg
index:6,picture:Picture/suzy_6.jpg
index:6,picture:Picture/suzy_7.jpg
index:6,picture:Picture/suzy_8.jpg
index:6,picture:Picture/suzy_9.jpg
index:6,picture:Picture/suzy_10.jpg
index:6,picture:Picture/suzy_11.jpg
index:6,picture:Picture/suzy_12.jpg
index:6,picture:Picture/suzy_13.jpg
index:6,picture:Picture/suzy_14.jpg
index:6,picture:Picture/suzy_15.jpg
index:6,picture:Picture/suzy_16.jpg
index:6,picture:Picture/suzy_17.jpg
index:6,picture:Picture/suzy_18.jpg
index:6,picture:Picture/suzy_19.jpg
index:6,picture:Picture/suzy_20.jpg
index:6,picture:Picture/suzy_21.jpg
index:6,picture:Picture/suzy_22.jpg
index:6,picture:Picture/suzy_23.jpg
index:6,picture:Picture/suzy_24.jpg
index:6,picture:Picture/suzy_25.jpg
index:6,picture:Picture/suzy_26.jpg
index:6,picture:Picture/suzy_27.jpg
index:6,picture:Picture/suzy_28.jpg
index:6,picture:Picture/suzy_29.jpg
index:6,picture:Picture/suzy_30.jpg

index:7,picture:Picture/nancy_1.jpg
index:7,picture:Picture/nancy_2.jpg
index:7,picture:Picture/nancy_3.jpg
index:7,picture:Picture/nancy_4.jpg
index:7,picture:Picture/nancy_5.jpg
index:7,picture:Picture/nancy_6.jpg
index:7,picture:Picture/nancy_7.jpg
index:7,picture:Picture/nancy_8.jpg
index:7,picture:Picture/nancy_9.jpg
index:7,picture:Picture/nancy_10.jpg
index:7,picture:Picture/nancy_11.jpg
index:7,picture:Picture/nancy_12.jpg
index:7,picture:Picture/nancy_13.jpg
index:7,picture:Picture/nancy_14.jpg
index:7,picture:Picture/nancy_15.jpg
index:7,picture:Picture/nancy_16.jpg
index:7,picture:Picture/nancy_17.jpg
index:7,picture:Picture/nancy_18.jpg
index:7,picture:Picture/nancy_19.jpg
index:7,picture:Picture/nancy_20.jpg
index:7,picture:Picture/nancy_21.jpg
index:7,picture:Picture/nancy_22.jpg
index:7,picture:Picture/nancy_23.jpg
index:7,picture:Picture/nancy_24.jpg
index:7,picture:Picture/nancy_25.jpg
index:7,picture:Picture/nancy_26.jpg
index:7,picture:Picture/nancy_27.jpg
index:7,picture:Picture/nancy_28.jpg
index:7,picture:Picture/nancy_29.jpg
index:7,picture:Picture/nancy_30.jpg

index:8,picture:Picture/tzuyu_1.jpg
index:8,picture:Picture/tzuyu_2.jpg
index:8,picture:Picture/tzuyu_3.jpg
index:8,picture:Picture/tzuyu_4.jpg
index:8,picture:Picture/tzuyu_5.jpg
index:8,picture:Picture/tzuyu_6.jpg
index:8,picture:Picture/tzuyu_7.jpg
index:8,picture:Picture/tzuyu_8.jpg
index:8,picture:Picture/tzuyu_9.jpg
index:8,picture:Picture/tzuyu_10.jpg
index:8,picture:Picture/tzuyu_11.jpg
index:8,picture:Picture/tzuyu_12.jpg
index:8,picture:Picture/tzuyu_13.jpg
index:8,picture:Picture/tzuyu_14.jpg
index:8,picture:Picture/tzuyu_15.jpg
index:8,picture:Picture/tzuyu_16.jpg
index:8,picture:Picture/tzuyu_17.jpg
index:8,picture:Picture/tzuyu_18.jpg
index:8,picture:Picture/tzuyu_19.jpg
index:8,picture:Picture/tzuyu_20.jpg
index:8,picture:Picture/tzuyu_21.jpg
index:8,picture:Picture/tzuyu_22.jpg
index:8,picture:Picture/tzuyu_23.jpg
index:8,picture:Picture/tzuyu_24.jpg
index:8,picture:Picture/tzuyu_25.jpg
index:8,picture:Picture/tzuyu_26.jpg
index:8,picture:Picture/tzuyu_27.jpg
index:8,picture:Picture/tzuyu_28.jpg
index:8,picture:Picture/tzuyu_29.jpg
index:8,picture:Picture/tzuyu_30.jpg


index:9,picture:Picture/kim_yoo_jung_1.jpg
index:9,picture:Picture/kim_yoo_jung_2.jpg
index:9,picture:Picture/kim_yoo_jung_3.jpg
index:9,picture:Picture/kim_yoo_jung_4.jpg
index:9,picture:Picture/kim_yoo_jung_5.jpg
index:9,picture:Picture/kim_yoo_jung_6.jpg
index:9,picture:Picture/kim_yoo_jung_7.jpg
index:9,picture:Picture/kim_yoo_jung_8.jpg
index:9,picture:Picture/kim_yoo_jung_9.jpg
index:9,picture:Picture/kim_yoo_jung_10.jpg
index:9,picture:Picture/kim_yoo_jung_11.jpg
index:9,picture:Picture/kim_yoo_jung_12.jpg
index:9,picture:Picture/kim_yoo_jung_13.jpg
index:9,picture:Picture/kim_yoo_jung_14.jpg
index:9,picture:Picture/kim_yoo_jung_15.jpg
index:9,picture:Picture/kim_yoo_jung_16.jpg
index:9,picture:Picture/kim_yoo_jung_17.jpg
index:9,picture:Picture/kim_yoo_jung_18.jpg
index:9,picture:Picture/kim_yoo_jung_19.jpg
index:9,picture:Picture/kim_yoo_jung_20.jpg
index:9,picture:Picture/kim_yoo_jung_21.jpg
index:9,picture:Picture/kim_yoo_jung_22.jpg
index:9,picture:Picture/kim_yoo_jung_23.jpg
index:9,picture:Picture/kim_yoo_jung_24.jpg
index:9,picture:Picture/kim_yoo_jung_25.jpg
index:9,picture:Picture/kim_yoo_jung_26.jpg
index:9,picture:Picture/kim_yoo_jung_27.jpg
index:9,picture:Picture/kim_yoo_jung_28.jpg
index:9,picture:Picture/kim_yoo_jung_29.jpg
index:9,picture:Picture/kim_yoo_jung_30.jpg
index:9,picture:Picture/kim_yoo_jung_31.jpg
index:9,picture:Picture/kim_yoo_jung_32.jpg
index:9,picture:Picture/kim_yoo_jung_33.jpg
index:9,picture:Picture/kim_yoo_jung_34.jpg
index:9,picture:Picture/kim_yoo_jung_35.jpg
index:9,picture:Picture/kim_yoo_jung_36.jpg
index:9,picture:Picture/kim_yoo_jung_37.jpg
index:9,picture:Picture/kim_yoo_jung_38.jpg
index:9,picture:Picture/kim_yoo_jung_39.jpg
index:9,picture:Picture/kim_yoo_jung_40.jpg


index:10,picture:Picture/park_bo_young_1.jpg
index:10,picture:Picture/park_bo_young_2.jpg
index:10,picture:Picture/park_bo_young_3.jpg
index:10,picture:Picture/park_bo_young_4.jpg
index:10,picture:Picture/park_bo_young_5.jpg
index:10,picture:Picture/park_bo_young_6.jpg
index:10,picture:Picture/park_bo_young_7.jpg
index:10,picture:Picture/park_bo_young_8.jpg
index:10,picture:Picture/park_bo_young_9.jpg
index:10,picture:Picture/park_bo_young_10.jpg
index:10,picture:Picture/park_bo_young_11.jpg
index:10,picture:Picture/park_bo_young_12.jpg
index:10,picture:Picture/park_bo_young_13.jpg
index:10,picture:Picture/park_bo_young_14.jpg
index:10,picture:Picture/park_bo_young_15.jpg
index:10,picture:Picture/park_bo_young_16.jpg
index:10,picture:Picture/park_bo_young_17.jpg
index:10,picture:Picture/park_bo_young_18.jpg
index:10,picture:Picture/park_bo_young_19.jpg
index:10,picture:Picture/park_bo_young_20.jpg
index:10,picture:Picture/park_bo_young_21.jpg
index:10,picture:Picture/park_bo_young_22.jpg
index:10,picture:Picture/park_bo_young_23.jpg
index:10,picture:Picture/park_bo_young_24.jpg
index:10,picture:Picture/park_bo_young_25.jpg
index:10,picture:Picture/park_bo_young_26.jpg
index:10,picture:Picture/park_bo_young_27.jpg
index:10,picture:Picture/park_bo_young_28.jpg
index:10,picture:Picture/park_bo_young_29.jpg
index:10,picture:Picture/park_bo_young_30.jpg
index:10,picture:Picture/park_bo_young_31.jpg
index:10,picture:Picture/park_bo_young_32.jpg

